1240,Pantera Negra,Ryan Coogler,Chadwick Boseman-Letitia Wright-Michael B jordan,Acao
1451,Patrulha Canina,Fabio M,Luigi S-Mario L-Sonic B,aventura
505,Shark,David F,Andre Lee-John Khan-Mario Riu,Aventura
724,Robocop,Anderson,Emilly A-Mario G-Nicolas J,Suspense
505,Shark,David F,Andre Lee-John Khan-Mario Riu,Aventura
1158,Clube da Luta,David F,Brad Pitt-Edward Norton-Helena Brotom,Suspense
283,FNAF,Billy F,Ana C-Mario J-Nicolau M,Terror
1240,Pantera Negra,Ryan Coogler,Chadwick Boseman-Letitia Wright-Michael B jordan,Acao
1451,Patrulha Canina,Fabio M,Luigi S-Mario L-Sonic B,aventura
1158,Clube da Luta,David F,Brad Pitt-Edward Norton-Helena Brotom,Suspense
1451,Patrulha Canina,Fabio M,Luigi S-Mario L-Sonic B,aventura
724,Robocop,Anderson,Emilly A-Mario G-Nicolas J,Suspense
1158,Clube da Luta,David F,Brad Pitt-Edward Norton-Helena Brotom,Suspense
283,FNAF,Billy F,Ana C-Mario J-Nicolau M,Terror
707,Piranha,Fabio S,Ana C-Matheus G,terror
1240,Pantera Negra,Ryan Coogler,Chadwick Boseman-Letitia Wright-Michael B jordan,Acao
283,FNAF,Billy F,Ana C-Mario J-Nicolau M,Terror
